.gitattributes	1659	git:78782c59b8b6f97b88ec66a4e13b40902ed29461	new
LICENSE	1084	git:d62e3bef9f054f21b7fc616365850fbf879a99ff	same-as-release
README.md	10953	git:0f031aaf3568f2b6f1f5aba416406d9d6837a8d6	new
config.json	7961	git:b42385da33d1b7d02d3550a34fb4b481a3d0a0cf	new
encoding/README.md	12120	git:c4da223cc2d97f8d80e3d0d2ece8b1a137381507	same-as-release
encoding/encoding.py	37316	git:92a67eab2a67d924a6a8279bc0f90e3f504ac40e	same-as-release
encoding/test_encoding.py	19371	git:f2c4985a59b694da51491292f5c8264d39c7e926	same-as-release
encoding/tests/test_input_1.json	2761	git:c7435727e24c5f7b5cf28b470cf03814101eb37a	same-as-release
encoding/tests/test_input_2.json	527	git:132bb05a51e79204324f160cfde2880b5d0077ba	same-as-release
encoding/tests/test_input_3.json	2554	git:6d2612113c71fb9a897255ec694b7b8a41d0432b	same-as-release
encoding/tests/test_input_4.json	712	git:86cd1f0a68075a412654ea10f9558c69162b271a	same-as-release
encoding/tests/test_input_5.json	1143	git:2a2fa6a89e8118e896ec47abcc5bda30789e6532	same-as-release
encoding/tests/test_output_1.txt	2476	git:3dc9bfe936d251bf69f6db738d1302bfa8c4c705	same-as-release
encoding/tests/test_output_2.txt	294	git:78eb6be5de6f3cda7c5065b3c3bd01bac28ef1dc	same-as-release
encoding/tests/test_output_3.txt	2481	git:90b2b6b74beaa471dfbbba1d7e7a5eb88c9e7da0	same-as-release
encoding/tests/test_output_4.txt	574	git:efad296eb4ff95754f322476db4d26e72682a586	same-as-release
encoding/tests/test_output_5.txt	408	git:a130bcc2c5682c94b6fd5194def54209f1794939	same-as-release
hf_quant_config.json	4251	git:91a7f2a4f30e5f08f42c22591c0ca7a4564a2ccd	new
inference/README.md	2029	git:e0b1d6ddfb4ab06a0dc9b4542826e6d7aa07a77c	same-as-release
inference/config.json	1982	git:7a915cc69e21abbc6d7fb939cef5d09c72aa0d24	same-as-release
inference/convert.py	9458	git:61bd2943648920ce599c4c86dc9bf6316e152fe8	same-as-release
inference/engram.py	8138	git:a36bc6c6b8cbf2d3dbac850863c23b55a7ecb5c7	same-as-release
inference/examples/example.txt	332	git:9200d36c90f601c0648ee23279abbb29b2228f13	same-as-release
inference/examples/example_harmony.json	2156	git:fae1c2608f8e5b980fcc9dc311cda8e345ecde1c	same-as-release
inference/examples/images/carrots.jpeg	212495	5df896a4a07e127281c60fc957f8b3d73f4735b3258a0bf762b4383557f8fa9a	same-as-release
inference/examples/images/corn.jpeg	56122	git:5777d198b83de15eb21243f8aac49074922053fb	same-as-release
inference/generate.py	8722	git:84d4873c4c59ea743e104920a77984f022bfb9f5	same-as-release
inference/image_processor.py	7699	git:a50311ece615b72be2c9d4b649a05619c27681e7	same-as-release
inference/kernel.py	23790	git:6fa7bd5aafbe1bc62887080963cc9fdd838d89f5	same-as-release
inference/model.py	61549	git:3e7dc222a6352ccc0c6469d58908934c2b4cd99b	same-as-release
inference/requirements.txt	97	git:b9201e446c0d2509156f46014931d359e439d2f2	same-as-release
inference/run.sh	1759	git:e2d52080a88d3053d963bac4bba75116ce73aed4	same-as-release
inference/vision.py	4457	git:77af0bdef9f4649edebac2876cd1df50a147ce98	same-as-release
model-00001-of-00048.safetensors	970533624	886aebdafa08cc27bbae2165ed35bdfe0de9370bf88c1411283c155c6ae4ff89	same-as-release
model-00002-of-00048.safetensors	1323858272	4320066fc6958e5bc01d8c3feba79b7454b59f0f4b7299ab7145ed44bbf4ecec	same-as-release
model-00003-of-00048.safetensors	7814674224	b0c53c135ee0383e6a907b4d975f2e94ea84de9e5697fddbab7e68e5309029d1	new
model-00004-of-00048.safetensors	7814674224	6c9d143752b23b5f0a1ea7db7b91266bb5c94b02d6bc2a9973d1166f69085d85	new
model-00005-of-00048.safetensors	7830868912	3f9382ed27611daab017333ac1b354066d344ff8527bdad9642b52beb281c247	new
model-00006-of-00048.safetensors	7814674224	230f5d9a67ab0985b1d80dc7ba3119b1da70d19056b350f1f90801e6d5bdddbe	new
model-00007-of-00048.safetensors	7814674224	db221e358da044b589a55211ac421426f09db86d6c1709f7a094b7ce06ab464f	new
model-00008-of-00048.safetensors	7814674224	e6fc9d8a53695585a80b18aa61209cb4e2afa161906454aa6b823d723ed7153f	new
model-00009-of-00048.safetensors	7814674224	01cea85d24edf2013a1530bbe0c3d9c5456bed44b3b69ed3cb94968a9c105171	new
model-00010-of-00048.safetensors	7814674224	012c34a8d8eb8707a085867a222dadae99cb5717693fcece80de9ab104bd427b	new
model-00011-of-00048.safetensors	7830868912	d3e9ae935749f1f761b6adeb6702291a7bcbdd6a9501b1b5615eba2ec2550712	new
model-00012-of-00048.safetensors	7814674224	28fd1b3fac3ef1a61141b13355ce3cf668e21401e2bd590795edab5681e0985e	new
model-00013-of-00048.safetensors	7814678856	7fa87ff25c171652e71d566e96fe69d53f1f1ab8d95db80aa108bdb3cb3b047d	new
model-00014-of-00048.safetensors	7814678856	10857ea815c4b36e0f354814a6a28c171f7fd26080be56f588d805c3b239abf2	new
model-00015-of-00048.safetensors	7814678856	29c5b906d1f1c6ad0ec28d03b1998c36dec1389c64d2e9070ec4d5952b4544e7	new
model-00016-of-00048.safetensors	7814678856	f201514cd1326b95c94f85e56f7a37bd2457cb77186e13e445c85cda8f5f24ed	new
model-00017-of-00048.safetensors	7830873552	e20b6128545c77ca67da2d1dc642bc92ceebd4d0bb954a1275f38ddc589f43f1	new
model-00018-of-00048.safetensors	7814678856	80c6ed427376148d20744d15afd55f95278b7b1abbe69f45f19b688c25462846	new
model-00019-of-00048.safetensors	7814678856	5ccc023b7a68277119f87610a07d68e0a35eabedc5519da34d3da08415348b28	new
model-00020-of-00048.safetensors	7814678856	7eec78ef5b0974034a6d5d9f9da0781b6ec2510130297e207e9f46cf0874c649	new
model-00021-of-00048.safetensors	7814678856	17ce68ea519987d0c341d310698d068e087b58126a74a8fa2b27946ac4723523	new
model-00022-of-00048.safetensors	7814678856	323ca8aa8d6ae280f327fa6c59cdf7e25ca473e5365a8779c4c9e8b44e2ef7ae	new
model-00023-of-00048.safetensors	7825630544	b2c3af57f520bf6fd9175b5cc6ed0740615f8c17b6fbdb585a7437e13951b3e4	new
model-00024-of-00048.safetensors	7814678856	100fe084b1ffaf91b834853c11293b2e7f205d8e4efeaa14a907f735430563e6	new
model-00025-of-00048.safetensors	7814678856	608f4becf570f1c95f057ede528d0c72b17858b3c1baa23046eab0edc7fcb886	new
model-00026-of-00048.safetensors	7814678856	01ebc61e197a4dec2f32464708e9ee02e4b1a0536d9d7c699a9c2a1c363b21ad	new
model-00027-of-00048.safetensors	7820254872	f4abe6524c2ef34ec7028cf220ac8b191bf3ab22610adbe70f4167cf83635e1a	new
model-00028-of-00048.safetensors	7814678856	d232fde5af3733b58db6bdd37db5c9e1e78602a6e938f3f8f930e2b899c43483	new
model-00029-of-00048.safetensors	7814678856	8a18eb88f2acb44531d1a1c1bca18adf4aa4811c2e81b526d277aaec786af505	new
model-00030-of-00048.safetensors	7814678856	26595409dbbe37a918e9dbcb6b58c7325d13fd52b139cc32a5dd165fe3d57ff5	new
model-00031-of-00048.safetensors	7820254872	474d6b5f2b05080d08f57f4b336f3340ab3f7097881949ecbf1bc0cd75d0b38a	new
model-00032-of-00048.safetensors	7814678856	bc5e7c255a090073e0870fe64adf2799c14ef6ec9b48107d32409ea8ddbeb9d5	new
model-00033-of-00048.safetensors	7814678856	a4a26ba7e88470af8c6634ce46ac3aa1a63ee746d4b2e9da185b66f970259521	new
model-00034-of-00048.safetensors	7814678856	63d9dcfcddb1dc7de9a4d90b54c93c81416d28db8986191669af99be22d3a0cb	new
model-00035-of-00048.safetensors	7820254872	bfa5d590c4bc0158cd3e00347d4781092610981003048ad42ee1ab4951ae0ab5	new
model-00036-of-00048.safetensors	7814678856	5343ea74b10f5492bf823521ec265f924f076489cf1792c72626fdaf71628f87	new
model-00037-of-00048.safetensors	7814678856	047b9d6f9915aff9cbc7b3810e8a3b6d4ca5b5b412ecdd9b23482e0687e95d97	new
model-00038-of-00048.safetensors	7814678856	02b1bde1a43337ddb9c41e473db7c877c2289b8b0efd01e68ec34c67bf977cc3	new
model-00039-of-00048.safetensors	7820254872	1761bb803b05a22311a2251aeb78f198daa5200f5105b029744c0b891ae5af18	new
model-00040-of-00048.safetensors	7814678856	410b2e687993d949fc386b7d0fd6d2aea4e93c2b3683aad53f0d8d0e07917dc9	new
model-00041-of-00048.safetensors	7814678856	335995ddb961785c7173be0cefb2705acb6de5c72ed313c07c1ae7da5dc3c266	new
model-00042-of-00048.safetensors	7814678856	08272b0613fea52b81364ba2ed27add2994fb1575bffe1eb50991ff9d23dfff8	new
model-00043-of-00048.safetensors	1323837624	d762b688f138e00a24eac96f27b842715bb4b534ecc9ca39076bed2b8c33201e	same-as-release
model-00044-of-00048.safetensors	2652728736	9a6b39fb88a2510487a8efaef77aa7864e8061f6b62c95a0f010e9dd538f3b05	same-as-release
model-00045-of-00048.safetensors	2573998176	0cc9d5f6ca3a2158ccc63ce2c70c76aeda8177d54913340481af566680329eb5	same-as-release
model-00046-of-00048.safetensors	2706402896	e625902027b9d23d416f8818c665fab4704e0b96dc1bc778321601b700475a9d	same-as-release
model-00047-of-00048.safetensors	101535150904	242a032de0fae78aaa4c589c31eeb1d17743716463b2355cd6b50ba4f98971e1	release-equivalent
model-00048-of-00048.safetensors	101537926600	4c520e6b7b687747dce0c11ede80c83a441cef73b6352f038e2c6272d32958e2	release-equivalent
model.safetensors.index.json	15623094	050c4552828f5a7160823fab529d0fa7a8c02651d1e8c9d85eed20017357faa0	new
tokenizer.json	6367257	git:6a15814dd25c934028034531da744c689f87ff21	same-as-release
tokenizer_config.json	801	git:f3dad388a2bbfd6a8605bd02754acd86d9ca5112	same-as-release
