.gitattributes	1701	git:9b59a7525c7b7870bd2cbdc41a4e91fd63fcb6cb
DeepSeek_V41_Tech_Report.pdf	1809802	ba68e2e40408125ae6d2f63a9a241b61c73910691c74ec1a2a7023c851eac08d
LICENSE	1084	git:d62e3bef9f054f21b7fc616365850fbf879a99ff
README.md	13110	git:211b83857abd5e8420df3a4f10db1096294227e6
assets/dsv41_agentic_performance.png	190736	44deae01cb9ce756c7d622dcf2b55f4a332c25e5e0b9297997519f77e0a7cf52
assets/dsv41_kv_cache.png	270933	b61bf4651d4b163e02fb21d7298bf7b36b810c1da2300cb2d1e498c373793e4b
config.json	3311	git:09917a9139b22d5bf8be52132787f435147b1020
encoding/README.md	12120	git:c4da223cc2d97f8d80e3d0d2ece8b1a137381507
encoding/encoding.py	37316	git:92a67eab2a67d924a6a8279bc0f90e3f504ac40e
encoding/test_encoding.py	19371	git:f2c4985a59b694da51491292f5c8264d39c7e926
encoding/tests/test_input_1.json	2761	git:c7435727e24c5f7b5cf28b470cf03814101eb37a
encoding/tests/test_input_2.json	527	git:132bb05a51e79204324f160cfde2880b5d0077ba
encoding/tests/test_input_3.json	2554	git:6d2612113c71fb9a897255ec694b7b8a41d0432b
encoding/tests/test_input_4.json	712	git:86cd1f0a68075a412654ea10f9558c69162b271a
encoding/tests/test_input_5.json	1143	git:2a2fa6a89e8118e896ec47abcc5bda30789e6532
encoding/tests/test_output_1.txt	2476	git:3dc9bfe936d251bf69f6db738d1302bfa8c4c705
encoding/tests/test_output_2.txt	294	git:78eb6be5de6f3cda7c5065b3c3bd01bac28ef1dc
encoding/tests/test_output_3.txt	2481	git:90b2b6b74beaa471dfbbba1d7e7a5eb88c9e7da0
encoding/tests/test_output_4.txt	574	git:efad296eb4ff95754f322476db4d26e72682a586
encoding/tests/test_output_5.txt	408	git:a130bcc2c5682c94b6fd5194def54209f1794939
evaluation/README.md	3977	git:fa1c989f2d0f5dd0ecdce369cb026b2e4040f88b
evaluation/dsh-minimal.patch	28725	git:2488b9578825a41f41964837d7d9c37db58b8146
inference/README.md	2029	git:e0b1d6ddfb4ab06a0dc9b4542826e6d7aa07a77c
inference/config.json	1982	git:7a915cc69e21abbc6d7fb939cef5d09c72aa0d24
inference/convert.py	9458	git:61bd2943648920ce599c4c86dc9bf6316e152fe8
inference/engram.py	8138	git:a36bc6c6b8cbf2d3dbac850863c23b55a7ecb5c7
inference/examples/example.txt	332	git:9200d36c90f601c0648ee23279abbb29b2228f13
inference/examples/example_harmony.json	2156	git:fae1c2608f8e5b980fcc9dc311cda8e345ecde1c
inference/examples/images/carrots.jpeg	212495	5df896a4a07e127281c60fc957f8b3d73f4735b3258a0bf762b4383557f8fa9a
inference/examples/images/corn.jpeg	56122	git:5777d198b83de15eb21243f8aac49074922053fb
inference/generate.py	8722	git:84d4873c4c59ea743e104920a77984f022bfb9f5
inference/image_processor.py	7699	git:a50311ece615b72be2c9d4b649a05619c27681e7
inference/kernel.py	23790	git:6fa7bd5aafbe1bc62887080963cc9fdd838d89f5
inference/model.py	61549	git:3e7dc222a6352ccc0c6469d58908934c2b4cd99b
inference/requirements.txt	97	git:b9201e446c0d2509156f46014931d359e439d2f2
inference/run.sh	1759	git:e2d52080a88d3053d963bac4bba75116ce73aed4
inference/vision.py	4457	git:77af0bdef9f4649edebac2876cd1df50a147ce98
model-00001-of-00048.safetensors	970533624	886aebdafa08cc27bbae2165ed35bdfe0de9370bf88c1411283c155c6ae4ff89
model-00002-of-00048.safetensors	1323858272	4320066fc6958e5bc01d8c3feba79b7454b59f0f4b7299ab7145ed44bbf4ecec
model-00003-of-00048.safetensors	7389759032	e1281f85d0ce4a3dfb63d41926fc4a47fa71f36ba20992e3597e702ead49d4c9
model-00004-of-00048.safetensors	7389759032	79456c9db0cda3b8115fe1c726fe3db1a34b434584a3991917088a0ab56a39de
model-00005-of-00048.safetensors	7405953784	4a42dc78698bee6b1a821aa01c9650749ef1f716143751f1cdb815c6400280a9
model-00006-of-00048.safetensors	7389759032	020a6df51a2853452561d91268a65481f7a7d7954ed47f8e6c9ce69a4a134f77
model-00007-of-00048.safetensors	7389759032	40f8b52f763f6380d41257e1af04eee3aad300af6a418c38e49ff99e3604163a
model-00008-of-00048.safetensors	7389759032	d62cca4e698f030d4b96ec624c08bed7ad604cec13077da6d6b06669281c4650
model-00009-of-00048.safetensors	7389759032	1ca62e4c294df31aee69a782974cb14269264fdc08465ab4835760258f05d6ef
model-00010-of-00048.safetensors	7389759032	dd33c9750a40cbfcdfb19cd8335d955f533e3a18b790c0ee43d1e5d77911595c
model-00011-of-00048.safetensors	7405953784	a9b309f90e0d1e2252a224ed6b057b9c82c27d3a49cff64bfbfef12efd067f7c
model-00012-of-00048.safetensors	7389759032	b359227eceb3f839c80de19dddf946648ca89425d9b719ff44702cf5e8cfbe0e
model-00013-of-00048.safetensors	7389761368	41d87a4c81fec1550f9cb975db05598a18ee0161c2664e8e1a0c7b60742755a6
model-00014-of-00048.safetensors	7389761368	e7ca4a12688a5819829ead3a03282aedb380e438bc41a00e969f70952c6d0eb9
model-00015-of-00048.safetensors	7389761368	fa9d49314bbb25118b3d52c573ed66a4d0acfb01dcb26d8367f43c66a52f46c4
model-00016-of-00048.safetensors	7389761368	07d08bce9d73d416eaca0f42843440a8c45c5f939eff1a3690fb460d8dd7f623
model-00017-of-00048.safetensors	7405956128	3d35e330a6c28cd59a06a1caab8b0048f7e12cc037d728736f74431c4c0a1a4c
model-00018-of-00048.safetensors	7389761368	48bd0c28b7f441f131f562cb664366d7726447a3698da3dd56ebbfeb1b916c75
model-00019-of-00048.safetensors	7389761368	b7a25cb64a959ca5e5a99e239bb1ba2092b9bcf022bec4ba71f7441334107bd1
model-00020-of-00048.safetensors	7389761368	8aea8c4026ba4b93e82b4ed1b6b4620d02b6aaac88d211aaf577acea443aff84
model-00021-of-00048.safetensors	7389761368	4cb6558dedfdc75a6be472e27bc3e830d8443a3371854e61dc54454a1b5b18f7
model-00022-of-00048.safetensors	7389761368	81031b68c967539a7c51d1b12d37d18de926ca3045ec554ccdd49a83b4dc0084
model-00023-of-00048.safetensors	7400713088	096723fc8afa9886b976fb63aabef159406dc483e6f2a41e3fe386435b0436cc
model-00024-of-00048.safetensors	7389761368	c9438ff607bd902fdeb38267d36239ccf60d38595988364562b862791841da75
model-00025-of-00048.safetensors	7389761368	4227ef9fe34d10de584d67250845fab905cbd8462fd84d9da24d772f223db6b4
model-00026-of-00048.safetensors	7389761368	0af8c8f1b96b502eda652a0549cf55cd8a4d472a34d27ef9bf1c1d7c4567ca3f
model-00027-of-00048.safetensors	7395337384	3066bd03043726d2400302cb9af759ec4e3957a935d56e241b83b52870322e28
model-00028-of-00048.safetensors	7389761368	9bc915075568b75e2aec9c645cc0fece6287f115c32031a52ab4f9ba9d12fde6
model-00029-of-00048.safetensors	7389761368	d153dd9cde7c4aa7ea9896cf7aa25b49447af573f90ad14cfaaa532fbbd19434
model-00030-of-00048.safetensors	7389761368	3c9ccd96e908e00f02a70930b0821a6c53e5301376a261284a092e1aea7bb5da
model-00031-of-00048.safetensors	7395337384	0de7b6d7142df18ad45a215e9c0ef004f78cdbfefd59cc16345b2bc004047343
model-00032-of-00048.safetensors	7389761368	6a5aaa73c6f97294bd079914ba44209ecf3d0491c8b95ef9995655511e35aee6
model-00033-of-00048.safetensors	7389761368	386e3e91f7f02f7e2c25f398b3a63379051c2077839b3081f7556e18c29a69c9
model-00034-of-00048.safetensors	7389761368	9deab3c4f27c956f91cd989d9a1f6cf4bbb91858ce3f7164caa5ae61125c943f
model-00035-of-00048.safetensors	7395337384	226573bc07f35091b0ec27b0056ab3059f9bc1c0afd0bc104c93c86dd029cad2
model-00036-of-00048.safetensors	7389761368	90d6a85c1eb0cae68c6c7bffa11b60654ea00353d27a0ae17701b72e239894cd
model-00037-of-00048.safetensors	7389761368	207aef18f995fdfe7506175aabd700aa62dcf6f488c7cc375e9de06f56891b83
model-00038-of-00048.safetensors	7389761368	cbbaa0b0807311807a696efec09f9b5a5d63bdf68b82378e1fc7402a2533c627
model-00039-of-00048.safetensors	7395337384	f4cf191547b50efbc35c4ed1f36cfb26043d94f987c49d54b15ef2d632a14a77
model-00040-of-00048.safetensors	7389761368	e991bfc416055c45ddb89f1447eae1e67dba2816e7580044ffff3db7e2af27a3
model-00041-of-00048.safetensors	7389761368	48a1c08afadf4e73223c587f9c6ad6f32aef57c01342ae75e96b07a001711d42
model-00042-of-00048.safetensors	7389761368	e1a4d5d30ae51bafda75078d49b05a585c924b0af9b3481c075b04341507c2ef
model-00043-of-00048.safetensors	1323837624	d762b688f138e00a24eac96f27b842715bb4b534ecc9ca39076bed2b8c33201e
model-00044-of-00048.safetensors	2652728736	9a6b39fb88a2510487a8efaef77aa7864e8061f6b62c95a0f010e9dd538f3b05
model-00045-of-00048.safetensors	2573998176	0cc9d5f6ca3a2158ccc63ce2c70c76aeda8177d54913340481af566680329eb5
model-00046-of-00048.safetensors	2706402896	e625902027b9d23d416f8818c665fab4704e0b96dc1bc778321601b700475a9d
model-00047-of-00048.safetensors	101535150936	824db4881320407ac340736d14dcee5ecd748c27d0f5836b8127ecc2e3781b0f
model-00048-of-00048.safetensors	101537926640	976330f4954338e1ad8b508c32aa912032c7ad908959fd53c8307650fe4520ed
model.safetensors.index.json	7470294	git:54c85064dd92c8550471302e9ae59bedbbf96ca4
tokenizer.json	6367257	git:6a15814dd25c934028034531da744c689f87ff21
tokenizer_config.json	801	git:f3dad388a2bbfd6a8605bd02754acd86d9ca5112
